"yt-simple-endpoint href","ytCoreImageHost src","yt-badge-shape__text","style-scope 6","inline-metadata-item","inline-metadata-item 2"
"https://www.youtube.com/watch?v=Qlnx5B_t-i8","https://i.ytimg.com/vi/Qlnx5B_t-i8/hqdefault.jpg?sqp=-oaymwFBCNACELwBSFryq4qpAzMIARUAAIhCGAHYAQHiAQoIGBACGAY4AUAB8AEB-AH-CYAC0AWKAgwIABABGC8gWyhyMA8=&rs=AOn4CLCjCZobmCFtVLnlY5nLlF0ZsiZL9w","55:23","からあげえあらいん#34【WEBラジオ】テーマは「あなたの癒し・気分転換方法を教えて下さい」今年の疲れ今年の内に！その万能薬を試す勇気も必要（笑）","222 回視聴","1 か月前"
"https://www.youtube.com/watch?v=TB2waGh4Zig","https://i.ytimg.com/vi/TB2waGh4Zig/hqdefault.jpg?sqp=-oaymwFBCNACELwBSFryq4qpAzMIARUAAIhCGAHYAQHiAQoIGBACGAY4AUAB8AEB-AH-CYAC0AWKAgwIABABGC8gWyhyMA8=&rs=AOn4CLCM6hAg9vJBVnwtwSfpjftBQC7Eow","59:53","からあげえあらいん#33【WEBラジオ】テーマは「リアルイベントをやった時に欲しい物！」「近況報告」の２本！スタートから乱気流が次々襲ってくるーー（笑）","95 回視聴","3 か月前"
"https://www.youtube.com/watch?v=6IR8JEbxiI8","https://i.ytimg.com/vi/6IR8JEbxiI8/hqdefault.jpg?sqp=-oaymwFBCNACELwBSFryq4qpAzMIARUAAIhCGAHYAQHiAQoIGBACGAY4AUAB8AEB-AH-CYAC0AWKAgwIABABGC8gWyhyMA8=&rs=AOn4CLC8a-T2Hj65RpNYP_S2mi7znc6Eaw","31:31","からあげえあらいん#32【WEBラジオ】え！まさか１年経ってまた夏！？(笑)そんな我々の近況とこれまでの振り返りとお知らせがあるよ～","157 回視聴","6 か月前"
"https://www.youtube.com/watch?v=Mpp9lbS8NSA","https://i.ytimg.com/vi/Mpp9lbS8NSA/hqdefault.jpg?sqp=-oaymwFBCNACELwBSFryq4qpAzMIARUAAIhCGAHYAQHiAQoIGBACGAY4AUAB8AEB-AH-CYAC0AWKAgwIABABGC8gWyhyMA8=&rs=AOn4CLC2moVjeCI07mwa5_u2NPDS_0_Jeg","1:01:17","からあげえあらいん#31【WEBラジオ】テーマは「あなたの恋バナおしえて下さい！」モテ期！浮気！ドキドキ！そして〇ダ〇ダ！！（笑）","155 回視聴","1 年前"
"https://www.youtube.com/watch?v=4r1LX87ybqo","https://i.ytimg.com/vi/4r1LX87ybqo/hqdefault.jpg?sqp=-oaymwFBCNACELwBSFryq4qpAzMIARUAAIhCGAHYAQHiAQoIGBACGAY4AUAB8AEB-AH-CYAC0AWKAgwIABABGC8gWyhyMA8=&rs=AOn4CLAFSbBPp7b4PuR1zgnBbxPZyLyfxg","1:26:00","からあげえあらいん#30【WEBラジオ】テーマは「あなたの推し活について教えて下さい！」思った以上に推しトーク加速！（笑）そして我々は箱を覚えた！（レベルアップ）","161 回視聴","1 年前"
"https://www.youtube.com/watch?v=1uwemXPNLYc","https://i.ytimg.com/vi/1uwemXPNLYc/hqdefault.jpg?sqp=-oaymwFBCNACELwBSFryq4qpAzMIARUAAIhCGAHYAQHiAQoIGBACGAY4AUAB8AEB-AH-CYAC0AWKAgwIABABGDAgWyhyMA8=&rs=AOn4CLD2ISimtdp6YqsuBhZjiRR_eZ2BbQ","1:24:11","からあげえあらいん#29【WEBラジオ】テーマは２０２４年の抱負と２０２３年の総決算！桜咲く新年度だよ！丁寧に盛沢山にスタート！（笑）","143 回視聴","1 年前"
"https://www.youtube.com/watch?v=VnOZKwheeUU","https://i.ytimg.com/vi/VnOZKwheeUU/hqdefault.jpg?sqp=-oaymwFBCNACELwBSFryq4qpAzMIARUAAIhCGAHYAQHiAQoIGBACGAY4AUAB8AEB-AH-CYAC0AWKAgwIABABGC8gWyhyMA8=&rs=AOn4CLBA8XUi9h91jOYd-akiCf4EGdG7pw","1:00:17","からあげえあらいん#28【WEBラジオ】冬のテーマ３本立て！寒いので暖かい気持ちで年末年始を迎えたい！（笑）","144 回視聴","2 年前"
"https://www.youtube.com/watch?v=4S6koxcnxD8","https://i.ytimg.com/vi/4S6koxcnxD8/hqdefault.jpg?sqp=-oaymwFBCNACELwBSFryq4qpAzMIARUAAIhCGAHYAQHiAQoIGBACGAY4AUAB8AEB-AH-CYAC0AWKAgwIABABGC8gWyhyMA8=&rs=AOn4CLDvP2bSAX0k2yBQcfegqnh6N9nvzQ","59:57","からあげえあらいん#27【WEBラジオ】「本当にあった怖い話！大会～納涼からハロウィンへ」お菓子も欲しいけど怖がらせてもらいたい！（笑）","143 回視聴","2 年前"
"https://www.youtube.com/watch?v=bYmFmUudkuY","https://i.ytimg.com/vi/bYmFmUudkuY/hqdefault.jpg?sqp=-oaymwFBCNACELwBSFryq4qpAzMIARUAAIhCGAHYAQHiAQoIGBACGAY4AUAB8AEB-AH-CYAC0AWKAgwIABABGC8gWyhyMA8=&rs=AOn4CLAeWvdoPb1a1NglAOWdcNMeeKil5A","1:36:21","からあげえあらいん#26【WEBラジオ】「梅雨を吹っ飛ばせ！?スーパー揚げ飛ばし大会！」なかなかの難題揚げネタも！我々揚げ飛ばせるのか？（笑）","141 回視聴","2 年前"
"https://www.youtube.com/watch?v=veT_-HxkwVU","https://i.ytimg.com/vi/veT_-HxkwVU/hqdefault.jpg?sqp=-oaymwFBCNACELwBSFryq4qpAzMIARUAAIhCGAHYAQHiAQoIGBACGAY4AUAB8AEB-AH-CYAC0AWKAgwIABABGC8gWyhyMA8=&rs=AOn4CLC7-PW_rqaWQbRXTFOh3DIq5vf_hQ","1:06:33","からあげえあらいん#25【WEBラジオ】「わたしの川柳～からあげえあらいん川柳杯・第１回」開催！個性溢れる川柳が続々と弾着！そして被弾！（笑）」","141 回視聴","2 年前"
"https://www.youtube.com/watch?v=Wxz6n1xQeig","https://i.ytimg.com/vi/Wxz6n1xQeig/hqdefault.jpg?sqp=-oaymwFBCNACELwBSFryq4qpAzMIARUAAIhCGAHYAQHiAQoIGBACGAY4AUAB8AEB-AH-CYAC0AWKAgwIABABGC8gWyhyMA8=&rs=AOn4CLCnvrpAKBuC0fMLQkIyipvU6WXmoQ","52:44","からあげえあらいん#24【WEBラジオ】テーマは「リアルな鬼エピソード」鬼我慢は超危険！緊張と緩和が絶妙な節分（笑）","144 回視聴","2 年前"
"https://www.youtube.com/watch?v=lQEdSDi2_rw&pp=0gcJCYcKAYcqIYzv","https://i.ytimg.com/vi/lQEdSDi2_rw/hqdefault.jpg?sqp=-oaymwFBCNACELwBSFryq4qpAzMIARUAAIhCGAHYAQHiAQoIGBACGAY4AUAB8AEB-AH-CYAC0AWKAgwIABABGC8gWyhyMA8=&rs=AOn4CLD3wDnVKq5SyttUILHPiCti55_SfA","1:45:33","からあげえあらいん#23【WEBラジオ】2023年で23回放送！テーマは「新春！占いエピソード！」ゲストはもはや準レギュラー水月陵さん！（笑）宿命の花って？","146 回視聴","3 年前"
"https://www.youtube.com/watch?v=q5GMMeloNh0","https://i.ytimg.com/vi/q5GMMeloNh0/hqdefault.jpg?sqp=-oaymwFBCNACELwBSFryq4qpAzMIARUAAIhCGAHYAQHiAQoIGBACGAY4AUAB8AEB-AH-CYAC0AWKAgwIABABGC8gWyhyMA8=&rs=AOn4CLDwkoBOr_qV2dhMOB7lGb2QKq17iw","1:02:36","からあげえあらいん#22【WEBラジオ】テーマは「冬じたく」我々も欲しくなった節電にもなるアレ（笑）身も心もぬっくぬく～","157 回視聴","3 年前"
"https://www.youtube.com/watch?v=eDmXwuBcJPs","https://i.ytimg.com/vi/eDmXwuBcJPs/hqdefault.jpg?sqp=-oaymwFBCNACELwBSFryq4qpAzMIARUAAIhCGAHYAQHiAQoIGBACGAY4AUAB8AEB-AH-CYAC0AWKAgwIABABGH8gEyg-MA8=&rs=AOn4CLB-IROMRDn2xhm1qQfr8y_klBDtrg","53:09","からあげえあらいん#21【WEBラジオ】テーマは「ハロウィン！」トリッキーなエピソードがパレード状態に（笑）trick or treat!","133 回視聴","3 年前"
"https://www.youtube.com/watch?v=bUxOi15gB1M&pp=0gcJCYcKAYcqIYzv","https://i.ytimg.com/vi/bUxOi15gB1M/hqdefault.jpg?sqp=-oaymwFBCNACELwBSFryq4qpAzMIARUAAIhCGAHYAQHiAQoIGBACGAY4AUAB8AEB-AH-CYAC0AWKAgwIABABGHIgVSgjMA8=&rs=AOn4CLDdjnUHYP2DYXDAriKU_NzykE9jzg","51:49","からあげえあらいん#20【WEBラジオ】テーマは「身の毛もよだつゾッとする話」ホラー回！あの手この手で攻めてくるやーん！ガチ鳥肌出た（笑）","211 回視聴","3 年前"
"https://www.youtube.com/watch?v=yPuAnCaRseU","https://i.ytimg.com/vi/yPuAnCaRseU/hqdefault.jpg?sqp=-oaymwFBCNACELwBSFryq4qpAzMIARUAAIhCGAHYAQHiAQoIGBACGAY4AUAB8AEB-AH-CYAC0AWKAgwIABABGHIgVigkMA8=&rs=AOn4CLB7KniMx-fzV1kUGefWNK8E3wswfw","44:09","からあげえあらいん#19【WEBラジオ】テーマは「オレ流・夏の楽しみ方！」猛暑を乗り切る対策が過酷（笑）愛のスコール買いに行こう！","197 回視聴","3 年前"
"https://www.youtube.com/watch?v=liJ-ynQdULo","https://i.ytimg.com/vi/liJ-ynQdULo/hqdefault.jpg?sqp=-oaymwFBCNACELwBSFryq4qpAzMIARUAAIhCGAHYAQHiAQoIGBACGAY4AUAB8AEB-AH-CYAC0AWKAgwIABABGHIgVSgjMA8=&rs=AOn4CLAda7Y7m7Xrx_JWAPfx8Fr4aMYk6Q","52:29","からあげえあらいん#18【WEBラジオ】テーマは「じめじめしたお話教えて下さい！」梅雨に更に湿度を上げてやろう企画だったのに（笑）","166 回視聴","3 年前"
"https://www.youtube.com/watch?v=ZdrGzSK6f94","https://i.ytimg.com/vi/ZdrGzSK6f94/hqdefault.jpg?sqp=-oaymwFBCNACELwBSFryq4qpAzMIARUAAIhCGAHYAQHiAQoIGBACGAY4AUAB8AEB-AH-CYAC0AWKAgwIABABGHIgVSgjMA8=&rs=AOn4CLBHL2OMneRJrs53xhjuwrcVgr8Cig","58:52","からあげえあらいん#17【WEBラジオ】テーマは「私のまわりにいるちょっと変わった人や面白い人」秀逸コメント続きで顔が痛い！（笑）","160 回視聴","3 年前"
"https://www.youtube.com/watch?v=5-LzV9x-tl8","https://i.ytimg.com/vi/5-LzV9x-tl8/hqdefault.jpg?sqp=-oaymwFBCNACELwBSFryq4qpAzMIARUAAIhCGAHYAQHiAQoIGBACGAY4AUAB8AEB-AH-CYAC0AWKAgwIABABGH8gFihUMA8=&rs=AOn4CLDZFK52-60rY_vpQQQFZXRN6f6sHg","1:19:53","からあげえあらいん#16【WEBラジオ】テーマは「占いについてのエピソードやオカルトなお話」星座占いって当たってる？！（笑）","184 回視聴","3 年前"
"https://www.youtube.com/watch?v=Ui9mDls6L-c&pp=0gcJCYcKAYcqIYzv","https://i.ytimg.com/vi/Ui9mDls6L-c/hqdefault.jpg?sqp=-oaymwEnCNACELwBSFryq4qpAxkIARUAAIhCGAHYAQHiAQoIGBACGAY4AUAB&rs=AOn4CLBpDxs2TfHSQud8dybAT-YgocsQ_w","1:59:29","からあげえあらいん#15【WEBラジオ】初ゲストに水月陵さんをお迎えしました＆急遽生配信ＳＰに！(笑)","129 回視聴","4 年前"
"https://www.youtube.com/watch?v=afTjgmhrcT0","https://i.ytimg.com/vi/afTjgmhrcT0/hqdefault.jpg?sqp=-oaymwEnCNACELwBSFryq4qpAxkIARUAAIhCGAHYAQHiAQoIGBACGAY4AUAB&rs=AOn4CLBiIqKrZYJ7PafWrcK5t9ie9yF-sA","50:13","初の生からあげえあらいん！【祝】みのりんレベルアップ記念生配信！（アーカイブ）","159 回視聴","4 年前"
"https://www.youtube.com/watch?v=7HAiYbCm5Mk","https://i.ytimg.com/vi/7HAiYbCm5Mk/hqdefault.jpg?sqp=-oaymwFBCNACELwBSFryq4qpAzMIARUAAIhCGAHYAQHiAQoIGBACGAY4AUAB8AEB-AHUBoAC4AOKAgwIABABGH8gFyhUMA8=&rs=AOn4CLDrWNrc7I_ROSNM8918I--01ZnH3w","55:41","からあげえあらいん#14【WEBラジオ】テーマは「おすすめの鍋料理！」＆師走にゆるっと大ボケな放送～（笑）","209 回視聴","4 年前"
"https://www.youtube.com/watch?v=4xB11boDLXw","https://i.ytimg.com/vi/4xB11boDLXw/hqdefault.jpg?sqp=-oaymwFBCNACELwBSFryq4qpAzMIARUAAIhCGAHYAQHiAQoIGBACGAY4AUAB8AEB-AHUBoAC4AOKAgwIABABGH8gGShVMA8=&rs=AOn4CLDUzCEEGm6RljWBA9WBrKSx2R5a-w","42:13","からあげえあらいん#13【WEBラジオ】脱リモート収録で猫も騒ぐＳＰ（笑）テーマは「夢のセカンドライフ」～","231 回視聴","4 年前"
"https://www.youtube.com/watch?v=UhPysX2GPFE","https://i.ytimg.com/vi/UhPysX2GPFE/hqdefault.jpg?sqp=-oaymwFBCNACELwBSFryq4qpAzMIARUAAIhCGAHYAQHiAQoIGBACGAY4AUAB8AEB-AH-DoACuAiKAgwIABABGH8gTCgcMA8=&rs=AOn4CLAi6oKKKQMvXRnXpNMdDESCYQaPRQ","1:17:26","からあげえあらいん#12【WEBラジオ】テーマは「夏の恐怖体験話！」とうとう来ましたホラーなやつ！ガチなやつ！！","259 回視聴","4 年前"
"https://www.youtube.com/watch?v=MNMs8KJbnk4","https://i.ytimg.com/vi/MNMs8KJbnk4/hqdefault.jpg?sqp=-oaymwFBCNACELwBSFryq4qpAzMIARUAAIhCGAHYAQHiAQoIGBACGAY4AUAB8AEB-AHUBoAC4AOKAgwIABABGH8gGChSMA8=&rs=AOn4CLCMQmdkuVNRMs2XdzVXaarwnF9tiw","54:41","からあげえあらいん#11【WEBラジオ】テーマは夢！何故あのお方が夢に出てくるの？潜在意識？夢占いも（笑）","230 回視聴","4 年前"
"https://www.youtube.com/watch?v=FtIlv3FMUVI","https://i.ytimg.com/vi/FtIlv3FMUVI/hqdefault.jpg?sqp=-oaymwFBCNACELwBSFryq4qpAzMIARUAAIhCGAHYAQHiAQoIGBACGAY4AUAB8AEB-AHUBoAC4AOKAgwIABABGH8gGShSMA8=&rs=AOn4CLABgsoqd22Db9fvYmOl8RYQPc5XhA","1:19:29","からあげえあらいん#10【WEBラジオ】新コーナー「からっと揚げ飛ばし！」始めました！（笑）記念すべき第１０回放送です！","239 回視聴","4 年前"
"https://www.youtube.com/watch?v=ma4Lf4SuYko","https://i.ytimg.com/vi/ma4Lf4SuYko/hqdefault.jpg?sqp=-oaymwEnCNACELwBSFryq4qpAxkIARUAAIhCGAHYAQHiAQoIGBACGAY4AUAB&rs=AOn4CLDyf2Hv5EgRG2zBzPT6zaCS99G9Fg","38:14","からあげえあらいん#3　頂いたコメントのご紹介とご質問にお答えしますの回！","261 回視聴","4 年前"
"https://www.youtube.com/watch?v=zcdplRT0htk&pp=0gcJCYcKAYcqIYzv","https://i.ytimg.com/vi/zcdplRT0htk/hqdefault.jpg?sqp=-oaymwEnCNACELwBSFryq4qpAxkIARUAAIhCGAHYAQHiAQoIGBACGAY4AUAB&rs=AOn4CLDrMKoju5l7s4fMQJKcUfDKnvJXyQ","35:07","からあげえあらいん#2　お互いに質問してみようの回！","250 回視聴","4 年前"
"https://www.youtube.com/watch?v=I8SLfBS_kck","https://i.ytimg.com/vi/I8SLfBS_kck/hqdefault.jpg?sqp=-oaymwEnCNACELwBSFryq4qpAxkIARUAAIhCGAHYAQHiAQoIGBACGAY4AUAB&rs=AOn4CLBNyPpl1Puy_ZWA0aDcbYMtAPX-Jw","17:00","からあげえあらいん #1　初回放送！","303 回視聴","4 年前"
"https://www.youtube.com/watch?v=_8NvM2UAb4M","https://i.ytimg.com/vi/_8NvM2UAb4M/hqdefault.jpg?sqp=-oaymwFBCNACELwBSFryq4qpAzMIARUAAIhCGAHYAQHiAQoIGBACGAY4AUAB8AEB-AHUBoAC4AOKAgwIABABGH8gGihSMA8=&rs=AOn4CLCNVXI_4s-HqkkAG2KgiLPqzTFpHA","58:33","からあげえあらいん#9 【WEBラジオ】テーマは旅！今は行けなくても行った気になろう（笑）","217 回視聴","4 年前"
"https://www.youtube.com/watch?v=O7bO0zNdvvw","https://i.ytimg.com/vi/O7bO0zNdvvw/hqdefault.jpg?sqp=-oaymwFBCNACELwBSFryq4qpAzMIARUAAIhCGAHYAQHiAQoIGBACGAY4AUAB8AEB-AHUBoAC4AOKAgwIABABGHIgTyguMA8=&rs=AOn4CLCNBA8-hiT4S2q5Aj_vILHD8dDf4A","57:31","からあげえあらいん#8 【WEBラジオ】テーマは卒業！ほんと早く卒業したい事が！笑","222 回視聴","4 年前"
"https://www.youtube.com/watch?v=nDbqrJ9LJhY","https://i.ytimg.com/vi/nDbqrJ9LJhY/hqdefault.jpg?sqp=-oaymwFBCNACELwBSFryq4qpAzMIARUAAIhCGAHYAQHiAQoIGBACGAY4AUAB8AEB-AHUBoAC4AOKAgwIABABGH8gGihQMA8=&rs=AOn4CLDn0JnpTfiK5-w_G7ceRra7sRv3Gw","1:00:57","からあげえあらいん#7 【WEBラジオ】最近買って良かったもの！からのゆるトークがやっぱり止まらない","208 回視聴","4 年前"
"https://www.youtube.com/watch?v=VIBKMgbmNZ8","https://i.ytimg.com/vi/VIBKMgbmNZ8/hqdefault.jpg?sqp=-oaymwFBCNACELwBSFryq4qpAzMIARUAAIhCGAHYAQHiAQoIGBACGAY4AUAB8AEB-AHUBoAC4AOKAgwIABABGH8gGShNMA8=&rs=AOn4CLDnzG8ZYGQ5qK8BtjyEXWAZtzpoLg","52:53","からあげえあらいん#6 【WEBラジオ】今年もゆる～くお願いします！新春一発目放送！","218 回視聴","5 年前"
"https://www.youtube.com/watch?v=Dwa28dzMGT4&t=6s","https://i.ytimg.com/vi/Dwa28dzMGT4/hqdefault.jpg?sqp=-oaymwEnCNACELwBSFryq4qpAxkIARUAAIhCGAHYAQHiAQoIGBACGAY4AUAB&rs=AOn4CLDSMSx9dI-MAWVhZG2pjHQFqhA83A","59:58","からあげえあらいん#5 【WEBラジオ】Xmasから2020年振り返りスペシャル！","238 回視聴","5 年前"
"https://www.youtube.com/watch?v=3vdj39S7SFM","https://i.ytimg.com/vi/3vdj39S7SFM/hqdefault.jpg?sqp=-oaymwEnCNACELwBSFryq4qpAxkIARUAAIhCGAHYAQHiAQoIGBACGAY4AUAB&rs=AOn4CLAUQEsCBahlw0koXa_BsQX7Wy30ww","51:45","からあげえあらいん#4　かみかみ神様　お話が止まらなくなりました笑","310 回視聴","5 年前"